Cluster,Sample_Count,Weighted_Count,Mean_Barrier,Weighted_Mean_Barrier,Std_Barrier,Q25,Median,Q75
low,407861,20633394.5117496,74.4559044350051,75.53219517014321,9.30871198270879,71.39969516388572,75.4468209014803,79.36852304924712
high,38154,1368992.956129997,74.71030644934355,77.35065159179236,8.884538620772322,72.28197065238898,75.63270334599515,78.90143537490265
middle,167729,6252818.514510092,74.1119300403016,75.57577066132707,9.082007899905749,71.45712312319789,75.5196676635158,78.96892273908813
