Cluster,Sample_Count,Weighted_Count,dim_access_resources,dim_internet_access,dim_learning_disabilities,dim_geographic_isolation
cluster_1,14096,466945.6100600005,-1.0357065806639012,0.2976459291379169,-0.053348617853711436,-6.380003302146733
cluster_3,33572,1583398.2546399964,-2.493915300924878,-0.41398216543488253,0.15620344895051047,0.14595916176000784
cluster_2,59821,3912395.4444599873,0.029024930566155648,-0.3244640069080577,1.7000600783458935,0.16625825672395397
cluster_0,506255,22292466.673229627,0.19079069653097827,0.057505315696743164,-0.20975862760394062,0.14831784455044172
