Feature,Importance,Rank
HOMEPOS,0.3601805883256675,1
ICTRES,0.16686568572711835,2
ANXMAT,0.15555555601237564,3
ICTHOME,0.06976064299056628,4
ST127Q03TA,0.06456169235423931,5
WORKHOME,0.04909777656378972,6
ST127Q02TA,0.04429423009546816,7
ICTAVHOM,0.034876408786629697,8
ST127Q01TA,0.02093063746630415,9
SC001Q01TA,0.019667916344939154,10
