Feature,Importance,Rank
HOMEPOS,0.359721267895191,1
ICTRES,0.16691555336422143,2
ANXMAT,0.15575680523469,3
ICTHOME,0.06979656350631364,4
ST127Q03TA,0.06452718299513652,5
WORKHOME,0.04910579797769331,6
ST127Q02TA,0.044258021822677386,7
ICTAVHOM,0.034824877367489876,8
ST127Q01TA,0.021049715927253312,9
SC001Q01TA,0.01978860692548801,10
