Feature,Importance,Rank
HOMEPOS,0.35963798767648936,1
ICTRES,0.16691587559179047,2
ANXMAT,0.15581709306013025,3
ICTHOME,0.06979127479031698,4
ST127Q03TA,0.06448312062374857,5
WORKHOME,0.049158437044627065,6
ST127Q02TA,0.044312407331940064,7
ICTAVHOM,0.034865830707826735,8
ST127Q01TA,0.021041010128510906,9
SC001Q01TA,0.01974778962124641,10
