Model,R_Squared,RMSE,Barrier_Coefficient,Sample_Size
Baseline,1.0537326440740458e-05,99.2851996555405,0.0057007847980821156,613744
With SES Control,0.0008396382760079701,99.24403196027374,0.06900209059508337,613744
With Country Fixed Effects,0.3225716045944822,81.71814508214712,-0.34660780496279237,613744
