Coefficient,Value
barrier,-0.3540702471473162
attitude,-31.385675146354842
barrier_x_attitude,-0.21085464063571108
ses,0.2974549872526355
intercept,-2.626759376442912
R_squared,0.04137380722214157
Adj_R_squared,0.041367559444550284
RMSE,80.37005682057992
Sample_Size,613744.0
