Barrier_Level,Barrier_Value,Attitude_Effect
low_barrier (P25),-0.6498703994827082,-31.24864695681213
medium_barrier (P50),0.8722326230826098,-31.56958944264567
high_barrier (P75),2.5230484376504023,-31.91767161798211
