Stratum,N,R_squared,Barrier_Coef,Attitude_Coef,Interaction_Coef
low_barrier,202506,0.03423546750673356,0.08145715255719038,-28.085299271791097,0.14018254652057893
medium_barrier,208674,0.027427279338868016,-3.212910349469746,-25.765143855795554,-0.12732646300672043
high_barrier,202564,0.05376595706906795,-5.932848758914697,-21.01870141091617,2.016222350583545
