Stratum,N,R_squared,Barrier_Coef,Attitude_Coef,Interaction_Coef
negative_attitude,202514,0.050963517262308744,-0.18912158761595887,44.43854060351426,0.11064152979491426
neutral_attitude,208660,0.03968650171081667,-0.06493071819403383,53.79131395574448,0.08619894071724528
positive_attitude,202570,0.04419681254323227,-0.6332255092149748,-41.05865060661377,-0.3151046395157115
