Stratum,N,R_squared,Barrier_Coef,Attitude_Coef,Interaction_Coef
negative_attitude,202514,0.050963517262308744,-0.18912158761595904,44.43854060351425,0.11064152979491451
neutral_attitude,208667,0.03969311786167473,-0.06496413873770304,53.79155096896015,0.0853591792298532
positive_attitude,202563,0.04419919862529931,-0.6330753352412871,-41.060238779828616,-0.31598735325713884
