Stratum,N,R_squared,Barrier_Coef,Attitude_Coef,Interaction_Coef
low_barrier,202506,0.03423546750673356,0.08145715255719026,-28.0852992717911,0.14018254652057896
medium_barrier,208674,0.027427279338868127,-3.2129103494696687,-25.765143855795507,-0.12732646300676487
high_barrier,202564,0.05376595706906662,-5.932848758914701,-21.01870141091617,2.0162223505835457
